Station,Season,County,Location,Lat,Lon,縣市,海岸段,Region,Seat,Shore shape,Substrate type,1暴露岩岸,2暴露人造結構物,3暴露岩盤,4沙灘,5砂礫混合灘,6礫石灘,7開闊潮間帶,8遮蔽岩岸,9遮蔽潮間帶,10遮蔽濕地,Plastic bottle container,Disposable cup / straw / tableware,Plastic bag,Foam material,Float,Fishing nets and ropes,Fishing equipment,Cigarette and lighter,Glass jar,Metal,Paper,Others,LEVEL
E02,1,宜蘭縣,大溪,24.92528,121.88569,16,5,1,4,2,3,0,0,1,0,0,0,1,0,0,0,1,0,1,0,0,0,1,0,0,0,0,0,2
E02,2,宜蘭縣,大溪,24.92528,121.88569,16,5,1,4,2,3,0,0,1,0,0,0,0,0,0,0,0,0,0,0,0,1,0,0,0,0,0,0,5
E02,3,宜蘭縣,大溪,24.92528,121.88569,16,5,1,4,2,3,0,0,1,0,0,0,0,0,0,0,1,0,0,0,0,0,0,0,1,0,0,0,2
E02,4,宜蘭縣,大溪,24.92528,121.88569,16,5,1,4,2,3,,,,,,,,,,,0,0,0,0,0,0,0,0,0,0,0,0,1
E03,1,宜蘭縣,頭城,24.85730,121.83342,16,5,1,4,1,4,0,0,0,1,0,0,0,0,0,0,1,0,1,0,0,0,0,0,0,0,0,0,5
E03,2,宜蘭縣,頭城,24.85730,121.83342,16,5,1,4,1,4,0,0,0,1,0,0,0,0,0,0,0,0,0,0,1,0,0,0,0,0,0,1,5
E03,3,宜蘭縣,頭城,24.85730,121.83342,16,5,1,4,1,4,0,0,0,1,0,0,0,0,0,0,0,0,0,0,0,1,0,0,0,0,0,0,7
E03,4,宜蘭縣,頭城,24.85730,121.83342,16,5,1,4,1,4,,,,,,,,,,,0,1,0,0,0,0,0,0,1,0,0,0,2
E05,1,宜蘭縣,清水港尾,24.69466,121.83676,16,5,1,3,2,4,0,0,0,1,0,0,0,0,0,0,1,0,0,0,0,0,0,0,0,0,0,0,5
E05,2,宜蘭縣,清水港尾,24.69466,121.83676,16,5,1,3,2,4,0,0,0,1,0,0,0,0,0,0,1,0,0,1,0,1,0,0,0,0,0,0,6
E05,3,宜蘭縣,清水港尾,24.69466,121.83676,16,5,1,3,2,4,0,0,0,1,0,0,0,0,0,0,1,1,0,1,0,0,0,0,0,0,0,0,7
E05,4,宜蘭縣,清水港尾,24.69466,121.83676,16,5,1,3,2,4,,,,,,,,,,,0,0,0,1,0,0,0,0,0,0,0,0,4
E06,1,宜蘭縣,無尾港,24.61104,121.86343,16,5,1,2,1,6,0,1,0,0,0,1,0,0,0,0,1,0,0,0,0,1,0,0,0,0,0,0,4
E06,2,宜蘭縣,無尾港,24.61104,121.86343,16,5,1,2,1,6,0,0,0,0,0,1,0,0,0,0,0,0,0,1,0,1,0,0,0,0,0,0,8
E06,3,宜蘭縣,無尾港,24.61104,121.86343,16,5,1,2,1,6,0,1,0,0,0,1,0,0,0,0,1,0,0,1,0,1,0,0,0,0,0,0,8
E06,4,宜蘭縣,無尾港,24.61104,121.86343,16,5,1,2,1,6,,,,,,,,,,,0,0,0,1,0,1,0,0,0,0,0,0,6
E08,1,宜蘭縣,東澳,24.50089,121.83862,16,5,1,3,1,6,0,0,0,1,0,1,0,0,0,0,1,0,0,0,0,0,1,0,0,0,0,0,2
E08,2,宜蘭縣,東澳,24.50089,121.83862,16,5,1,3,1,6,0,0,0,0,0,1,0,0,0,0,1,0,0,0,0,1,0,0,0,0,0,0,5
E08,3,宜蘭縣,東澳,24.50089,121.83862,16,5,1,3,1,6,0,1,0,0,0,1,0,0,0,0,1,0,0,1,0,0,0,0,0,0,0,0,4
E08,4,宜蘭縣,東澳,24.50089,121.83862,16,5,1,3,1,6,,,,,,,,,,,1,0,0,0,0,0,0,0,1,0,0,0,3
E09,1,宜蘭縣,南澳朝陽,24.45950,121.81998,16,5,1,4,1,5,0,0,0,0,1,0,0,0,0,0,0,0,0,0,0,1,1,0,0,0,0,0,7
E09,2,宜蘭縣,南澳朝陽,24.45950,121.81998,16,5,1,4,1,5,0,0,0,1,0,0,0,0,0,0,0,0,0,0,0,1,0,0,0,0,0,0,7
E09,3,宜蘭縣,南澳朝陽,24.45950,121.81998,16,5,1,4,1,5,0,0,0,0,1,0,0,0,0,0,1,0,0,0,0,1,0,0,0,1,0,0,6
E09,4,宜蘭縣,南澳朝陽,24.45950,121.81998,16,5,1,4,1,5,,,,,,,,,,,0,0,0,0,0,1,0,0,0,0,0,0,6
HL02,1,花蓮縣,和仁,24.23276,121.70855,15,5,1,3,1,5,0,0,0,0,1,0,0,0,0,0,1,0,0,0,0,0,0,0,0,0,0,0,2
HL02,2,花蓮縣,和仁,24.23276,121.70855,15,5,1,3,1,5,0,0,1,0,1,0,0,0,0,0,0,0,0,0,0,0,0,0,0,0,0,0,1
HL02,3,花蓮縣,和仁,24.23276,121.70855,15,5,1,3,1,5,0,0,0,1,0,0,0,0,0,0,1,0,0,0,0,0,0,0,0,0,0,0,2
HL02,4,花蓮縣,和仁,24.23276,121.70855,15,5,1,3,1,5,,,,,,,,,,,1,0,0,0,0,0,0,0,1,0,0,0,3
HL03,1,花蓮縣,崇德,24.16697,121.65862,15,5,1,3,1,6,0,0,0,0,0,1,0,0,0,0,0,0,0,0,0,1,0,0,0,0,0,0,4
HL03,2,花蓮縣,崇德,24.16697,121.65862,15,5,1,3,1,6,0,0,0,1,0,0,0,0,0,0,1,0,0,0,0,1,0,0,0,0,0,0,2
HL03,3,花蓮縣,崇德,24.16697,121.65862,15,5,1,3,1,6,0,0,0,0,1,0,0,0,0,0,1,0,0,0,0,1,0,0,0,0,0,0,2
HL03,4,花蓮,崇德,24.16697,121.65862,15,5,1,3,1,6,,,,,,,,,,,1,0,0,1,0,1,0,0,0,0,0,0,2
HL05,1,花蓮縣,掩埋場,24.01016,121.64662,15,5,1,2,2,6,0,0,0,0,0,1,0,0,0,0,1,0,0,0,0,1,0,0,0,0,0,1,7
HL05,2,花蓮縣,掩埋場,24.01016,121.64662,15,5,1,2,2,6,0,1,0,0,0,1,0,0,0,0,0,0,0,0,1,0,0,0,0,0,0,1,9
HL05,3,花蓮縣,掩埋場,24.01016,121.64662,15,5,1,2,2,6,0,1,0,0,0,1,0,0,0,0,0,0,0,0,1,1,0,0,0,0,0,1,9
HL05,4,花蓮縣,掩埋場,24.01016,121.64662,15,5,1,2,2,6,,,,,,,,,,,0,0,0,0,0,1,0,0,0,0,0,1,8
HL06,1,花蓮縣,化仁,23.95256,121.60598,15,5,1,3,2,5,0,0,0,0,0,1,0,0,0,0,1,0,0,0,0,0,0,0,0,0,0,1,3
HL06,2,花蓮縣,化仁,23.95256,121.60598,15,5,1,3,2,5,0,1,0,0,0,1,0,0,0,0,1,0,0,0,0,0,0,0,0,0,0,0,1
HL06,3,花蓮縣,化仁,23.95256,121.60598,15,5,1,3,2,5,0,1,0,0,1,0,0,0,0,0,1,0,0,0,0,0,0,0,0,0,0,0,2
HL06,4,花蓮縣,化仁,23.95256,121.60598,15,5,1,3,2,5,,,,,,,,,,,1,0,0,0,0,0,0,0,1,0,0,0,2
HL08,1,花蓮縣豐濱鄉水璉村,水璉海岸,23.78037,121.56961,15,5,1,3,2,4,0,0,0,1,0,0,0,0,0,0,1,0,0,1,0,0,0,0,0,0,0,0,7
HL08,2,花蓮縣豐濱鄉水璉村,水璉海岸,23.78037,121.56961,15,5,1,3,2,4,0,0,0,1,1,0,0,0,0,0,1,0,0,1,0,0,0,0,0,0,0,0,5
HL08,3,花蓮縣豐濱鄉水璉村,水璉海岸,23.78037,121.56961,15,5,1,3,2,4,0,0,0,1,0,0,0,0,0,0,1,0,0,1,0,0,0,0,0,0,0,1,7
HL08,4,花蓮縣豐濱鄉水璉村,水璉海岸,23.78037,121.56961,15,5,1,3,2,4,,,,,,,,,,,1,0,0,1,0,0,0,0,0,0,0,0,7
HL09,1,花蓮縣豐濱鄉磯崎村,磯崎海岸,23.70641,121.54885,15,5,1,3,2,5,0,0,0,1,0,0,0,0,0,0,1,0,0,0,0,0,0,0,0,0,0,0,5
HL09,2,花蓮縣豐濱鄉磯崎村,磯崎海岸,23.70641,121.54885,15,5,1,3,2,5,0,0,0,1,1,0,0,0,0,0,1,0,0,1,0,0,0,0,0,0,0,0,4
HL09,3,花蓮縣豐濱鄉磯崎村,磯崎海岸,23.70641,121.54885,15,5,1,3,2,5,0,0,0,0,1,0,0,0,0,0,1,0,0,0,0,0,0,0,0,0,0,1,5
HL09,4,花蓮縣豐濱鄉磯崎村,磯崎海岸,23.70641,121.54885,15,5,1,3,2,5,,,,,,,,,,,1,0,0,0,0,1,0,0,0,0,0,0,6
HL11,1,花蓮縣豐濱鄉立德村,立德,23.55709,121.51363,15,5,1,3,2,6,0,0,0,1,0,1,0,0,0,0,0,0,0,0,0,0,0,0,0,0,0,0,5
HL11,2,花蓮縣豐濱鄉立德村,立德,23.55709,121.51363,15,5,1,3,2,6,0,0,0,0,0,1,0,0,0,0,1,0,0,0,0,0,0,0,0,0,0,0,3
HL11,3,花蓮縣豐濱鄉立德村,立德,23.55709,121.51363,15,5,1,3,2,6,1,0,0,0,1,0,0,0,0,0,1,0,0,0,0,0,0,0,0,0,0,0,4
HL11,4,花蓮縣豐濱鄉立德村,立德,23.55709,121.51363,15,5,1,3,2,6,,,,,,,,,,,1,0,0,0,0,0,0,0,0,1,0,0,2
HL12,1,花蓮縣豐濱鄉石梯,石梯北,23.49814,121.50498,15,5,1,3,3,6,0,0,0,0,0,1,0,1,0,0,1,0,0,0,0,0,0,0,0,0,0,0,4
HL12,2,花蓮縣豐濱鄉石梯,石梯北,23.49814,121.50498,15,5,1,3,3,6,0,0,0,0,1,0,0,0,0,0,0,0,0,0,0,1,0,0,0,0,0,0,4
HL12,3,花蓮縣豐濱鄉石梯,石梯北,23.49814,121.50498,15,5,1,3,3,6,0,0,0,0,0,1,0,0,0,0,1,0,0,0,0,1,0,0,0,0,0,0,3
HL12,4,花蓮縣豐濱鄉石梯,石梯北,23.49814,121.50498,15,5,1,3,3,6,,,,,,,,,,,1,0,0,0,0,0,0,0,0,0,1,1,2
M01,1,嘉義縣東石鄉,東石漁人碼頭北側,23.45769,120.13855,10,3,2,8,2,2,0,1,0,0,0,1,0,0,0,0,1,0,0,1,0,0,0,0,0,0,0,0,7
M01,2,嘉義縣東石鄉,東石漁人碼頭北側,23.45769,120.13855,10,3,2,8,2,2,0,1,0,0,0,0,0,0,0,0,1,0,0,1,0,1,0,0,0,0,0,0,7
M01,3,嘉義縣東石鄉,東石漁人碼頭北側,23.45769,120.13855,10,3,2,8,2,2,0,1,0,0,0,0,0,0,0,0,1,0,0,1,1,0,0,0,0,0,0,0,7
M01,4,嘉義縣東石鄉,東石漁人碼頭北側,23.45769,120.13855,10,3,2,8,2,2,,,,,,,,,,,0,0,0,1,0,0,0,0,0,0,0,0,7
M02,1,嘉義縣東石鄉,鰲鼓濕地,23.49795,120.11933,10,3,2,7,2,2,0,1,0,0,0,0,1,0,0,0,1,0,0,1,0,0,0,0,0,0,0,0,6
M02,2,嘉義縣東石鄉,鰲鼓濕地,23.49795,120.11933,10,3,2,7,2,2,0,1,0,1,0,0,0,0,0,0,0,0,0,1,0,0,0,0,0,0,0,0,3
M02,3,嘉義縣東石鄉,鰲鼓濕地,23.49795,120.11933,10,3,2,7,2,2,0,1,0,0,0,0,0,0,0,0,0,0,0,0,1,1,0,0,0,0,0,0,5
M02,4,嘉義縣東石鄉,鰲鼓濕地,23.49795,120.11933,10,3,2,7,2,2,,,,,,,,,,,1,0,0,1,0,0,0,0,0,0,0,0,4
M04,1,雲林縣口湖鄉,下崙,23.60699,120.14145,9,3,2,7,2,2,0,1,0,0,0,1,0,0,0,0,1,0,0,1,0,0,0,0,0,0,0,0,8
M04,2,雲林縣口湖鄉,下崙,23.60699,120.14145,9,3,2,7,2,2,0,1,0,1,0,0,0,0,0,0,1,0,0,1,0,1,0,0,0,0,0,0,8
M04,3,雲林縣口湖鄉,下崙,23.60699,120.14145,9,3,2,7,2,2,0,1,0,0,0,1,0,0,0,0,1,0,0,1,0,1,0,0,0,0,0,0,8
M04,4,雲林縣口湖鄉,下崙,23.60699,120.14145,9,3,2,7,2,2,,,,,,,,,,,1,0,0,1,0,1,0,0,0,0,0,0,8
M05,1,雲林縣四湖鄉,三條崙海水浴場北側,23.66413,120.15401,9,3,2,7,2,8,0,0,0,0,0,1,0,0,0,0,0,0,0,1,0,0,0,0,0,0,0,0,2
M05,2,雲林縣四湖鄉,三條崙海水浴場北側,23.66413,120.15401,9,3,2,7,2,8,0,1,0,1,0,0,0,0,0,0,1,0,0,1,0,1,0,0,0,0,0,0,6
M05,3,雲林縣四湖鄉,三條崙海水浴場北側,23.66413,120.15401,9,3,2,7,2,8,1,0,0,0,0,1,0,0,0,0,1,0,0,1,0,1,0,0,0,0,0,0,7
M05,4,雲林縣四湖鄉,三條崙海水浴場北側,23.66413,120.15401,9,3,2,7,2,8,,,,,,,,,,,1,0,0,1,0,1,0,0,0,0,0,0,6
M07,1,雲林縣台西鄉,新虎尾溪南,23.75403,120.17959,9,3,2,7,1,4,0,1,0,1,0,0,0,0,0,0,1,0,0,0,0,0,0,0,1,0,0,0,6
M07,2,雲林縣台西鄉,新虎尾溪南,23.75403,120.17959,9,3,2,7,1,4,0,1,0,1,0,0,0,0,0,0,1,0,0,1,0,1,0,0,0,0,0,0,7
M07,3,雲林縣台西鄉,新虎尾溪南,23.75403,120.17959,9,3,2,7,1,4,0,0,0,1,1,0,0,0,0,0,1,0,0,1,0,0,0,0,0,0,0,0,6
M07,4,雲林縣台西鄉,新虎尾溪南,23.75403,120.17959,9,3,2,7,1,4,,,,,,,,,,,1,0,0,1,0,0,0,0,1,0,0,0,5
M08,1,雲林縣麥寮鄉,六輕北側,23.81944,120.20137,9,3,2,8,2,4,0,1,0,0,0,0,1,0,0,0,1,0,0,1,0,0,0,0,0,0,0,0,10
M08,2,雲林縣麥寮鄉,六輕北側,23.81944,120.20137,9,3,2,8,2,4,0,1,0,1,0,0,0,0,0,0,1,0,0,1,1,0,0,0,0,0,0,0,9
M08,3,雲林縣麥寮鄉,六輕北側,23.81944,120.20137,9,3,2,8,2,4,0,0,0,1,0,0,0,0,0,1,1,0,0,1,1,0,0,0,0,0,0,0,9
M08,4,雲林縣麥寮鄉,六輕北側,23.81944,120.20137,9,3,2,8,2,4,,,,,,,,,,,1,0,0,1,0,1,0,0,0,0,0,0,10
M10,1,彰化縣芳苑鎮,新街海提,23.92156,120.31183,8,3,2,8,2,2,0,1,0,0,0,0,1,0,0,0,1,0,0,0,0,1,0,0,1,0,0,0,4
M10,2,彰化縣芳苑鎮,新街海提,23.92156,120.31183,8,3,2,8,2,2,0,0,0,1,0,0,0,0,0,0,0,0,0,0,0,1,0,0,0,0,0,0,5
M10,3,彰化縣芳苑鎮,新街海提,23.92156,120.31183,8,3,2,8,2,2,0,1,0,0,0,0,1,0,0,0,0,0,1,0,0,1,0,0,0,0,0,0,2
M10,4,彰化縣芳苑鄉,新街海堤,23.92156,120.31183,8,3,2,8,2,2,,,,,,,,,,,0,0,0,1,0,1,0,0,0,0,0,0,3
M11,1,彰化縣芳苑鎮,王功海岸,23.98458,120.32855,8,3,2,8,2,6,0,0,0,0,0,1,1,0,0,0,1,1,0,0,0,0,0,0,0,0,0,0,5
M11,2,彰化縣芳苑鎮,王功海岸,23.98458,120.32855,8,3,2,8,2,6,0,1,0,0,0,0,1,0,0,0,1,0,0,0,0,1,0,0,0,0,0,0,6
M11,3,彰化縣芳苑鎮,王功海岸,23.98458,120.32855,8,3,2,8,2,6,0,1,0,0,0,1,0,0,0,0,0,0,0,0,1,1,0,0,1,0,0,0,6
M11,4,彰化縣芳苑,王功海岸,23.98458,120.32855,8,3,2,8,2,6,,,,,,,,,,,0,0,0,1,1,1,0,0,0,0,0,0,6
M13,1,彰化縣鹿港鎮,鹿港工業區,24.05830,120.38735,8,3,2,5,2,2,0,1,0,0,0,0,0,0,0,0,0,1,0,1,0,0,0,0,0,0,0,1,6
M13,2,彰化縣鹿港鎮,鹿港工業區,24.05830,120.38735,8,3,2,5,2,2,0,1,0,0,0,0,0,0,0,0,0,1,0,0,0,1,0,0,0,0,0,1,8
M13,3,彰化縣鹿港鎮,鹿港工業區,24.05830,120.38735,8,3,2,5,2,2,0,1,0,0,0,0,0,0,0,1,1,0,0,0,0,1,0,0,1,0,0,0,7
M13,4,彰化鹿港,鹿港工業區,24.05830,120.38735,8,3,2,5,2,2,,,,,,,,,,,1,0,0,0,0,1,0,0,1,0,0,0,9
M14,1,彰化縣線西,肉粽角,24.13230,120.41702,8,3,2,8,1,4,0,0,0,1,0,0,0,0,0,0,1,0,0,1,0,0,0,0,0,0,0,0,7
M14,2,彰化縣線西,肉粽角,24.13230,120.41702,8,3,2,8,1,4,0,0,0,1,0,0,0,0,0,0,1,0,0,0,0,1,0,0,0,0,0,0,7
M14,3,彰化縣線西,肉粽角,24.13230,120.41702,8,3,2,8,1,4,0,0,0,1,0,0,0,0,0,0,0,0,0,1,1,1,0,0,0,0,0,0,9
M14,4,彰化線西,肉粽角,24.13230,120.41702,8,3,2,8,1,4,,,,,,,,,,,1,0,0,1,1,0,0,0,0,0,0,0,8
M16,1,台中市龍井區,麗水漁港,24.20002,120.49401,7,2,2,5,2,7,0,0,0,0,0,0,1,0,0,0,0,1,1,0,0,1,0,0,0,0,0,0,7
M16,2,台中市龍井區,麗水漁港,24.20002,120.49401,7,2,2,5,2,7,0,0,0,0,0,0,1,0,0,0,0,1,0,0,0,1,0,0,0,0,0,0,7
M16,3,台中市龍井區,麗水漁港,24.20002,120.49401,7,2,2,5,2,7,0,0,0,0,0,0,1,0,0,0,0,0,0,0,0,1,0,0,0,0,0,1,7
M16,4,台中市龍井區,麗水漁港,24.20002,120.49401,7,2,2,5,2,7,,,,,,,,,,,1,1,0,0,0,1,0,0,0,0,0,0,7
M17,2,台中市清水,高美溼地,24.31156,120.52600,7,2,2,8,1,4,0,1,0,1,0,0,0,0,0,0,1,1,0,0,0,0,0,0,0,0,0,1,3
M17,3,台中市清水,高美溼地,24.31156,120.52600,7,2,2,8,1,4,0,0,0,1,0,0,0,0,0,0,1,0,0,0,1,0,0,0,0,0,0,0,5
M17,4,台中市清水區,高美溼地,24.31156,120.52600,7,2,2,8,1,4,,,,,,,,,,,1,0,0,1,1,0,0,0,0,0,0,0,7
M19,1,台中市大安區,溫寮溪出海口北側,24.37265,120.57974,7,2,2,8,2,4,0,1,0,1,0,0,0,0,0,0,1,0,0,1,0,0,0,0,0,0,0,0,6
M19,2,台中市大安區,溫寮溪出海口北側,24.37265,120.57974,7,2,2,8,2,4,0,0,0,1,0,0,0,0,0,0,0,1,0,0,0,0,0,0,0,0,0,0,2
M19,3,台中市大安區,溫寮溪出海口北側,24.37265,120.57974,7,2,2,8,2,4,0,0,0,1,0,0,1,0,0,0,1,0,0,0,1,1,0,0,0,0,0,0,4
M19,4,台中市大安區,溫寮溪出海口北側,24.37265,120.57974,7,2,2,8,2,4,,,,,,,,,,,1,0,0,0,0,1,0,0,0,0,0,0,7
M20,1,台中市大甲區,松柏港北側,24.43386,120.61968,7,2,2,7,2,2,0,1,0,0,0,1,0,0,0,0,0,0,1,0,0,1,0,0,0,0,0,0,7
M20,2,台中市大甲區,松柏港北側,24.43386,120.61968,7,2,2,7,2,2,0,1,0,0,0,0,0,0,0,0,1,0,1,0,0,1,0,0,0,0,0,0,3
M20,3,台中市大甲區,松柏港北側,24.43386,120.61968,7,2,2,7,2,2,0,1,0,0,0,1,0,0,0,0,1,0,0,0,1,1,0,0,0,0,0,0,7
M20,4,台中市大甲區,松柏港北側,24.43386,120.61968,7,2,2,7,2,2,,,,,,,,,,,0,0,0,1,1,1,0,0,0,0,0,0,7
M22,1,苗栗縣通霄鎮,精鹽廠旁,24.55702,120.70062,6,2,2,8,2,2,0,1,0,0,0,1,0,0,0,0,0,0,0,1,0,1,0,0,0,0,0,1,8
M22,2,苗栗縣通霄鎮,精鹽廠旁,24.55702,120.70062,6,2,2,8,2,2,0,1,0,0,0,0,0,0,0,0,0,0,0,1,0,1,0,0,0,0,0,1,8
M22,3,苗栗縣通霄鎮,精鹽廠旁,24.55702,120.70062,6,2,2,8,2,2,0,1,0,0,0,1,0,0,0,0,0,0,0,1,0,1,0,0,0,0,0,1,9
M22,4,苗栗縣通霄鎮,精鹽廠旁,24.55702,120.70062,6,2,2,8,2,2,,,,,,,,,,,1,0,0,1,0,1,0,0,0,0,0,0,10
M23,1,苗栗縣後龍,後龍溪南岸,24.61375,120.75477,6,2,2,8,2,2,0,1,0,0,1,0,0,0,0,0,1,1,0,0,0,0,0,0,0,0,0,0,5
M23,2,苗栗縣後龍,後龍溪南岸,24.61375,120.75477,6,2,2,8,2,2,0,1,0,0,1,0,0,0,0,0,1,0,0,1,0,1,0,0,0,0,0,0,4
M23,3,苗栗縣後龍,後龍溪南岸,24.61375,120.75477,6,2,2,8,2,2,0,1,0,1,0,0,0,0,0,0,1,0,0,1,1,0,0,0,0,0,0,0,6
M23,4,苗栗縣後龍,後龍溪南岸,24.61375,120.75477,6,2,2,8,2,2,,,,,,,,,,,1,0,0,1,0,0,0,0,0,0,0,0,6
N01,1,苗栗縣竹南鎮,崎頂青草漁港,24.71743,120.86320,6,2,3,7,2,4,0,1,0,1,0,0,0,0,0,0,0,0,0,1,1,1,0,0,0,0,0,0,7
N01,2,苗栗縣竹南鎮,崎頂青草漁港,24.71743,120.86320,6,2,3,7,2,4,0,0,0,1,0,0,0,0,0,0,0,0,0,1,0,1,0,0,0,0,0,0,8
N01,3,苗栗縣竹南鎮,崎頂青草漁港,24.71743,120.86320,6,2,3,7,2,4,0,0,0,0,1,0,0,0,0,0,0,0,0,1,0,1,0,0,0,0,0,0,6
N01,4,苗栗縣竹南鎮,崎頂青草漁港,24.71743,120.86320,6,2,3,7,2,4,0,0,0,0,0,0,0,0,0,0,0,0,0,1,1,0,0,0,0,0,0,0,7
N02,1,新竹市香山區,海山漁港,24.74481,120.89470,5,2,3,8,1,7,0,1,0,0,0,0,1,0,0,0,1,0,0,0,0,1,0,0,1,0,0,0,5
N02,2,新竹市香山區,海山漁港改香山沙丘,24.74481,120.89470,5,2,3,8,2,7,0,0,0,1,0,0,1,0,0,0,1,0,0,1,1,0,0,0,0,0,0,0,6
N02,3,新竹市香山區,海山漁港改香山沙丘,24.74481,120.89470,5,2,3,8,2,7,0,0,0,1,0,0,0,0,0,0,1,0,0,0,1,1,0,0,0,0,0,0,6
N02,4,新竹市香山區,香山沙丘,24.74481,120.89470,5,2,3,8,2,7,0,0,0,0,0,0,0,0,0,0,1,1,0,1,0,0,0,0,0,0,0,0,7
N04,1,新竹縣竹北市,新月沙灘,24.86634,120.94174,5,2,3,8,2,4,0,0,0,1,0,0,0,0,0,0,0,0,0,0,1,1,0,0,0,0,0,0,3
N04,2,新竹縣竹北市,新月沙灘,24.86634,120.94174,5,2,3,8,2,4,0,0,0,1,0,0,1,0,0,0,1,0,0,0,1,0,0,0,0,0,0,0,2
N04,3,新竹縣竹北市,新月沙灘,24.86634,120.94174,5,2,3,8,2,4,0,0,0,1,0,0,0,0,0,0,0,0,1,1,0,0,0,0,0,0,0,0,4
N04,4,新竹縣新豐鄉,新月沙灣,24.86634,120.94174,5,2,3,8,2,4,0,0,0,0,0,0,0,0,0,0,0,0,0,1,0,0,0,0,0,0,0,0,2
N05,1,桃園市新屋區,蚵間路,24.95217,120.99630,4,1,3,8,2,4,0,0,0,1,0,0,0,0,0,0,1,0,0,0,1,0,0,0,1,0,0,0,5
N05,2,桃園市新屋區,蚵間路,24.95217,120.99630,4,1,3,8,2,4,0,0,0,1,0,0,0,0,0,0,1,0,0,0,0,0,0,0,0,0,0,1,4
N05,3,桃園市新屋區,蚵間路,24.95217,120.99630,4,1,3,8,2,4,0,0,0,1,0,0,0,0,0,0,1,0,0,1,1,0,0,0,0,0,0,0,4
N05,4,桃園市新屋區,蚵間路,24.95217,120.99630,4,1,3,8,2,4,0,0,0,0,0,0,0,0,0,0,1,1,0,0,0,0,0,0,1,0,0,0,5
N07,1,桃園市觀音區,白玉海濱,25.05134,121.08195,4,1,3,8,1,5,0,0,0,0,1,0,0,0,0,0,1,0,0,1,0,1,0,0,0,0,0,0,9
N07,2,桃園市觀音區,白玉海濱,25.05134,121.08195,4,1,3,8,1,5,0,0,0,0,1,0,0,0,0,0,1,0,0,0,0,1,0,0,0,0,0,0,9
N07,3,桃園市觀音區,白玉海濱,25.05134,121.08195,4,1,3,8,1,5,0,0,1,0,0,0,0,0,0,0,1,0,0,1,0,1,0,0,0,0,0,0,10
N07,4,桃園市觀音區,白玉海濱,25.05134,121.08195,4,1,3,8,1,5,,,,,,,,,,,1,0,0,1,1,0,0,0,0,0,0,0,9
N08,1,桃園,潮音,25.08230,121.16225,4,1,3,8,2,4,0,0,0,1,0,0,0,0,0,0,1,0,0,1,0,0,0,0,0,0,0,0,6
N08,2,桃園,潮音,25.08230,121.16225,4,1,3,8,2,4,0,0,0,0,1,0,0,0,0,0,1,0,0,1,1,0,0,0,0,0,0,0,5
N08,3,桃園,潮音,25.08230,121.16225,4,1,3,8,2,4,0,0,0,1,0,0,0,0,0,0,1,0,0,1,0,0,0,0,0,0,0,0,5
N08,4,桃園,潮音,25.08230,121.16225,4,1,3,8,2,4,,,,,,,,,,,1,0,0,1,1,0,0,0,0,0,0,0,6
N10,1,新北,南灣溪口,25.12400,121.32865,3,1,3,1,1,6,0,0,0,0,0,1,0,0,0,0,1,0,0,1,1,0,0,0,0,0,0,0,9
N10,2,新北,南灣溪口,25.12400,121.32865,3,1,3,1,1,6,0,0,0,0,0,1,0,0,0,0,1,1,0,1,0,0,0,0,0,0,0,0,8
N10,3,新北,南灣溪口,25.12400,121.32865,3,1,3,1,1,6,0,0,0,0,0,1,0,0,0,0,1,0,0,1,1,0,0,0,0,0,0,0,8
N10,4,新北,南灣溪口,25.12400,121.32865,3,1,3,1,1,6,,,,,,,,,,,0,0,0,1,1,0,0,0,0,0,0,0,8
N11,1,新北,挖子尾,25.17033,121.41410,3,1,3,8,1,4,0,0,0,1,0,0,0,0,0,0,1,1,1,0,0,0,0,0,0,0,0,0,8
N11,2,新北,挖子尾,25.17033,121.41410,3,1,3,8,1,4,0,0,0,1,0,0,1,0,0,0,1,1,0,0,0,0,0,0,1,0,0,0,6
N11,3,新北,挖子尾,25.17033,121.41410,3,1,3,8,1,4,0,0,0,1,0,0,0,0,0,0,0,1,0,1,0,1,0,0,0,0,0,0,2
N11,4,新北,挖子尾,25.17033,121.41410,3,1,3,8,1,4,,,,,,,,,,,0,1,0,0,0,0,0,0,0,0,0,0,3
N13,1,新北,淺水灣,25.24992,121.46426,3,1,3,1,1,4,0,0,0,0,1,0,0,0,0,0,1,1,0,0,0,0,0,0,0,0,0,0,4
N13,2,新北,淺水灣,25.24992,121.46426,3,1,3,1,1,4,1,0,0,1,0,0,0,0,0,0,1,1,0,0,0,0,0,0,0,0,0,1,2
N13,3,新北,淺水灣,25.24992,121.46426,3,1,3,1,1,4,0,0,1,1,0,0,0,0,0,0,1,0,0,1,0,0,0,0,0,0,0,0,4
N13,4,新北,淺水灣,25.24992,121.46426,3,1,3,1,1,4,,,,,,,,,,,0,0,0,0,0,0,0,0,0,0,0,0,3
N14,1,新北,老梅,25.29226,121.54450,3,1,3,8,1,4,0,0,0,1,0,0,0,0,0,0,1,0,1,0,0,0,0,0,0,0,0,0,3
N14,2,新北,老梅,25.29226,121.54450,3,1,3,8,1,4,0,0,0,1,1,0,0,0,0,0,1,0,0,1,0,1,0,0,0,0,0,0,5
N14,3,新北,老梅,25.29226,121.54450,3,1,3,8,1,4,1,0,0,1,1,0,0,0,0,0,1,0,1,1,0,0,0,0,0,0,0,0,5
N14,4,新北,老梅,25.29226,121.54450,3,1,3,8,1,4,,,,,,,,,,,0,0,0,0,0,0,0,0,0,0,0,0,1
N16,1,新北,頂寮,25.21337,121.65537,3,1,3,2,1,4,0,0,0,1,0,0,0,0,0,0,0,0,0,0,1,0,0,0,1,0,0,1,7
N16,2,新北,頂寮,25.21337,121.65537,3,1,3,2,1,4,0,0,0,1,0,0,0,0,0,0,1,0,0,1,0,1,0,0,0,0,0,0,9
N16,3,新北,頂寮,25.21337,121.65537,3,1,3,2,1,4,0,0,0,1,0,0,0,0,0,0,1,0,0,1,0,0,0,0,1,0,0,0,9
N16,4,新北,頂寮,25.21337,121.65537,3,1,3,2,1,4,,,,,,,,,,,1,0,0,1,1,0,0,0,0,0,0,0,7
N17,1,新北,翡翠灣(石角海灘）,25.19261,121.68584,3,1,3,3,1,4,0,0,0,1,0,0,0,0,0,0,0,1,0,0,0,1,0,0,0,0,0,1,6
N17,2,新北,翡翠灣(石角海灘）,25.19261,121.68584,3,1,3,3,1,4,0,1,0,1,0,0,0,0,0,0,1,0,0,0,0,1,0,0,0,0,0,0,8
N17,3,新北,翡翠灣(石角海灘）,25.19261,121.68584,3,1,3,3,1,4,0,1,0,1,0,0,0,0,0,0,1,0,0,1,0,1,0,0,0,0,0,0,8
N17,4,新北,翡翠灣(石角海灘）,25.19261,121.68584,3,1,3,3,1,4,,,,,,,,,,,0,1,0,1,0,0,0,0,0,0,0,1,4
N19,1,基隆市,潮境,25.13981,121.80207,2,1,3,3,1,3,0,1,1,0,0,0,0,0,0,0,1,1,0,1,0,0,0,0,0,0,0,0,8
N19,2,基隆市,潮境,25.13981,121.80207,2,1,3,3,1,3,0,1,1,0,0,0,0,0,0,0,0,0,0,0,0,1,0,0,0,0,0,0,6
N19,3,基隆市,潮境,25.13981,121.80207,2,1,3,3,1,3,0,0,0,0,0,1,0,0,0,0,1,0,0,1,0,0,0,0,0,0,0,0,6
N19,4,基隆市,潮境,25.13981,121.80207,2,1,3,3,1,3,,,,,,,,,,,1,0,0,1,1,0,0,0,0,0,0,0,6
N20,1,新北市瑞芳區,東北角台2線76.2K(員山子分洪道),25.12699,121.84505,1,1,3,2,1,6,0,0,0,0,0,1,0,0,0,0,1,0,0,1,0,1,0,0,0,0,0,0,8
N20,2,新北市瑞芳區,東北角台2線76.2K(員山子分洪道),25.12699,121.84505,1,1,3,2,1,6,0,1,0,0,0,1,0,0,0,0,1,0,0,1,1,1,0,0,0,0,0,0,9
N20,3,新北市瑞芳區,東北角台2線76.2K(員山子分洪道),25.12699,121.84505,1,1,3,2,1,6,0,0,0,0,0,1,0,0,0,0,1,0,0,1,0,1,0,0,0,0,0,0,10
N20,4,新北市瑞芳區,東北角台2線76.2K(員山子分洪道),25.12699,121.84505,1,1,3,2,1,6,,,,,,,,,,,0,0,0,1,0,1,0,0,0,0,0,0,10
N22,1,新北市貢寮區,和美,25.09030,121.91402,1,1,3,3,1,6,0,0,1,0,0,1,0,0,0,0,1,1,0,0,0,1,0,0,0,0,0,0,6
N22,2,新北市貢寮區,和美,25.09030,121.91402,1,1,3,3,1,6,1,0,0,0,0,1,0,0,0,0,1,0,0,1,0,0,0,0,0,0,0,1,7
N22,3,新北市貢寮區,和美,25.09030,121.91402,1,1,3,3,1,6,0,0,1,0,0,1,0,0,0,0,1,0,0,1,0,1,0,0,0,0,0,0,8
N22,4,新北市貢寮區,和美,25.09030,121.91402,1,1,3,3,1,6,,,,,,,,,,,1,0,0,0,0,0,0,0,0,0,0,0,8
N23,1,新北市貢寮區,龍門,25.02853,121.93662,1,1,3,2,1,4,0,0,0,1,0,0,0,0,0,0,1,0,0,0,0,1,0,0,1,0,0,0,5
N23,2,新北市貢寮區,龍門,25.02853,121.93662,1,1,3,2,1,4,0,0,0,1,0,0,1,0,0,0,1,0,0,1,0,0,0,0,0,1,0,0,7
N23,3,新北市貢寮區,龍門,25.02853,121.93662,1,1,3,2,1,4,0,0,0,1,0,0,0,0,0,0,1,0,0,1,0,0,0,0,0,1,0,0,8
N23,4,新北市貢寮區,龍門,25.02853,121.93662,1,1,3,2,1,4,,,,,,,,,,,0,0,0,0,1,0,0,0,0,1,0,0,6
SE03,1,台東縣成功鎮,三仙台,23.12547,121.42099,14,5,4,4,3,1,1,0,0,0,0,0,0,0,0,0,0,1,0,0,1,0,0,0,0,0,0,0,2
SE03,2,台東縣成功鎮,三仙台,23.12547,121.42099,14,5,4,4,3,1,1,0,0,0,0,0,0,0,0,0,1,0,0,1,0,0,0,0,0,0,0,0,2
SE03,3,台東縣成功鎮,三仙台,23.12547,121.42099,14,5,4,4,3,1,1,0,0,0,0,0,0,0,0,0,1,0,1,1,0,0,0,0,0,0,0,0,3
SE03,4,台東縣成功鎮,三仙台,23.12547,121.42099,14,5,4,4,3,1,,,,,,,,,,,1,0,0,0,0,0,0,0,0,0,1,1,2
SE04,1,台東縣成功鎮,麒麟,23.09364,121.36242,14,5,4,4,1,4,0,0,0,1,0,0,0,0,0,0,1,1,0,0,0,1,0,0,0,0,0,1,3
SE04,2,台東縣成功鎮,麒麟,23.09364,121.36242,14,5,4,4,1,4,1,0,0,1,0,0,0,0,0,0,1,0,0,0,0,0,0,0,0,0,0,0,3
SE04,3,台東縣成功鎮,麒麟,23.09364,121.36242,14,5,4,4,1,4,0,0,0,1,0,0,0,0,0,0,0,0,0,1,0,1,0,0,0,0,0,1,5
SE04,4,台東縣成功鎮,麒麟,23.09364,121.36242,14,5,4,4,1,4,,,,,,,,,,,1,1,0,0,0,1,0,0,0,0,0,0,2
SE06,1,台東縣東河鄉,金樽,22.95408,121.28962,14,5,4,5,1,4,0,0,0,1,0,0,0,0,0,0,0,1,1,0,0,0,0,0,0,0,0,0,4
SE06,2,台東縣東河鄉,金樽,22.95408,121.28962,14,5,4,5,1,4,0,0,0,1,0,0,0,0,0,0,1,0,0,0,0,1,0,0,0,0,0,0,3
SE06,3,台東縣東河鄉,金樽,22.95408,121.28962,14,5,4,5,1,4,0,0,0,1,0,0,0,0,0,0,0,0,0,0,0,0,0,0,1,0,0,0,2
SE06,4,台東縣東河鄉,金樽,22.95408,121.28962,14,5,4,5,1,4,,,,,,,,,,,0,1,0,0,0,1,0,0,0,0,0,0,2
SE07,1,台東縣東河鄉,都蘭,22.87680,121.23766,14,5,4,4,2,5,0,0,0,0,1,0,0,0,0,0,0,1,0,0,0,0,0,0,0,0,0,1,5
SE07,2,台東縣東河鄉,都蘭,22.87680,121.23766,14,5,4,4,2,5,0,0,0,0,1,0,0,0,0,0,0,0,0,0,0,0,0,0,0,0,0,0,2
SE07,3,台東縣東河鄉,都蘭,22.87680,121.23766,14,5,4,4,2,5,0,0,0,0,1,0,0,0,0,0,1,0,0,0,0,0,0,0,0,0,0,1,2
SE07,4,台東縣東河鄉,都蘭,22.87680,121.23766,14,5,4,4,2,5,,,,,,,,,,,0,0,1,0,0,0,0,0,0,0,0,0,2
SE09,1,台東市,卑南溪口,22.75680,121.17233,14,5,4,4,2,5,0,0,0,1,0,1,0,0,0,0,1,0,0,0,0,0,0,0,0,0,0,0,2
SE09,2,台東市,卑南溪口,22.75680,121.17233,14,5,4,4,2,5,0,0,0,0,1,0,0,0,0,0,0,0,0,0,0,0,0,0,0,0,0,0,1
SE09,3,台東市,卑南溪口,22.75680,121.17233,14,5,4,4,2,5,0,0,0,0,1,0,0,0,0,0,1,0,0,0,0,0,0,0,0,0,0,0,2
SE09,4,台東市,卑南溪口,22.75680,121.17233,14,5,4,4,2,5,,,,,,,,,,,0,0,0,0,0,0,0,0,1,0,0,0,2
SE10,1,台東市,豐源,22.71275,121.11332,14,5,4,5,2,5,0,0,0,1,0,1,0,0,0,0,1,0,0,1,0,0,0,0,0,0,0,0,3
SE10,2,台東市,豐源,22.71275,121.11332,14,5,4,5,2,5,0,0,0,0,1,0,0,0,0,0,0,0,0,0,0,0,0,0,0,0,0,0,1
SE10,3,台東市,豐源,22.71275,121.11332,14,5,4,5,2,5,0,0,0,0,1,0,0,0,0,0,1,0,0,0,0,0,0,0,0,0,0,0,2
SE10,4,台東市,豐源,22.71275,121.11332,14,5,4,5,2,5,,,,,,,,,,,1,0,0,0,0,0,0,0,0,0,0,0,2
SE12,1,台東縣太麻里鄉,香蘭,22.58125,121.00000,14,5,4,3,2,5,0,0,0,1,1,0,0,0,0,0,1,0,0,0,0,0,0,0,0,0,0,1,5
SE12,2,台東縣太麻里鄉,香蘭,22.58125,121.00000,14,5,4,3,2,5,0,0,0,1,1,0,0,0,0,0,1,1,0,0,0,1,0,0,0,0,0,0,1
SE12,3,台東縣太麻里鄉,香蘭,22.58125,121.00000,14,5,4,3,2,5,0,0,0,0,1,0,0,0,0,0,1,0,0,0,0,0,0,0,0,0,0,0,2
SE12,4,台東縣太麻里鄉,香蘭,22.58125,121.00000,14,5,4,3,2,5,,,,,,,,,,,1,0,0,0,0,0,0,0,0,0,0,0,2
SE13,1,台東縣太麻里鄉,多良,22.50680,120.95909,14,5,4,3,2,5,0,0,0,0,0,1,0,0,0,0,1,1,0,0,0,0,0,0,0,0,0,1,5
SE13,2,台東縣太麻里鄉,多良,22.50680,120.95909,14,5,4,3,2,5,0,1,0,0,1,0,0,0,0,0,0,0,0,0,0,0,0,0,0,0,0,0,1
SE13,3,台東縣太麻里鄉,多良,22.50680,120.95909,14,5,4,3,2,5,0,0,0,0,1,0,0,0,0,0,0,0,0,0,0,0,0,0,0,0,0,0,4
SE13,4,台東縣太麻里鄉,多良,22.50680,120.95909,14,5,4,3,2,5,,,,,,,,,,,1,1,0,0,0,0,0,0,0,0,0,0,5
SE15,1,台東縣大武鄉,大武,22.34406,120.89934,14,5,4,3,2,5,0,0,0,0,1,0,0,0,0,0,0,0,0,0,0,1,0,0,0,0,0,0,3
SE15,2,台東縣大武鄉,大武,22.34406,120.89934,14,5,4,3,2,5,0,0,0,1,0,0,0,0,0,0,0,0,0,0,0,0,0,0,0,0,0,1,6
SE15,3,台東縣大武鄉,大武,22.34406,120.89934,14,5,4,3,2,5,0,0,0,0,1,0,0,0,0,0,1,0,0,0,0,1,0,0,0,0,0,0,4
SE15,4,台東縣大武鄉,大武,22.34406,120.89934,14,5,4,3,2,5,,,,,,,,,,,1,0,0,0,0,0,0,0,0,0,0,0,3
SE16,1,台東縣達仁鄉,南田,22.25233,120.89434,14,5,4,1,2,6,0,0,0,0,0,1,0,0,0,0,1,0,0,1,0,0,0,0,0,0,0,1,8
SE16,2,台東縣達仁鄉,南田,22.25233,120.89434,14,5,4,1,2,6,0,0,0,0,0,1,0,0,0,0,1,0,0,0,0,0,0,0,0,0,0,0,7
SE16,3,台東縣達仁鄉,南田,22.25233,120.89434,14,5,4,1,2,6,0,0,0,0,0,1,0,0,0,0,0,0,0,0,1,0,0,0,0,1,0,1,8
SE16,4,台東縣達仁鄉,南田,22.25233,120.89434,14,5,4,1,2,6,,,,,,,,,,,0,0,0,0,1,0,0,0,0,1,0,1,8
SE18,1,屏東縣滿州鄉,九棚,22.09612,120.89740,13,4,4,3,3,1,0,0,1,0,0,0,0,0,0,0,1,0,0,1,0,1,0,0,0,0,0,0,9
SE18,2,屏東縣滿州鄉,九棚,22.09612,120.89740,13,4,4,3,3,1,1,0,1,0,0,0,0,0,0,0,1,0,0,1,1,0,0,0,0,0,0,0,7
SE18,3,屏東縣滿州鄉,九棚,22.09612,120.89740,13,4,4,3,3,1,1,0,0,0,0,0,1,0,0,0,1,0,0,0,1,1,0,0,0,0,0,0,8
SE18,4,屏東縣滿州鄉,九棚,22.09612,120.89740,13,4,4,3,3,1,,,,,,,,,,,1,0,0,1,1,0,0,0,0,0,0,0,8
SE19,1,屏東縣滿州鄉,溪仔,22.01332,120.87861,13,4,4,4,2,6,0,0,0,0,0,1,0,0,0,0,1,0,0,0,0,0,0,0,0,0,0,0,2
SE19,2,屏東縣滿州鄉,佳樂水,22.01332,120.87861,13,4,4,4,2,6,0,0,1,0,0,1,0,0,0,0,1,0,0,0,0,1,0,0,0,0,0,1,5
SE19,3,屏東縣滿州鄉,佳樂水,22.01332,120.87861,13,4,4,4,2,6,0,0,1,0,0,0,0,0,0,0,1,0,0,0,0,0,0,0,0,0,0,1,3
SE19,4,屏東縣滿州鄉,佳樂水,22.01332,120.87861,13,4,4,4,2,6,,,,,,,,,,,1,0,0,0,1,0,0,0,0,0,0,0,3
SE21,1,屏東縣恆春鎮,鼻頭漁港,21.90606,120.84790,13,4,4,7,3,8,0,0,1,0,0,0,0,0,1,0,0,0,0,0,0,0,0,0,0,0,0,0,6
SE21,2,屏東縣恆春鎮,鼻頭漁港,21.90606,120.84790,13,4,4,7,3,8,0,0,1,0,1,0,0,0,0,0,1,0,0,1,1,0,0,0,0,0,0,0,7
SE21,3,屏東縣恆春鎮,鼻頭漁港,21.90606,120.84790,13,4,4,7,3,8,1,0,0,0,0,1,0,0,0,0,1,0,0,0,1,1,0,0,0,0,0,0,7
SE21,4,屏東恆春鎮,鼻頭漁港,21.90606,120.84790,13,4,4,7,3,8,,,,,,,,,,,1,0,0,1,0,0,0,0,0,0,0,0,7
SE22,1,屏東縣恆春鎮,石牛溪,21.94513,120.78452,13,4,4,5,1,5,0,0,0,1,0,0,0,0,0,0,0,0,0,0,0,0,0,0,0,0,0,0,3
SE22,2,屏東縣恆春鎮,石牛溪,21.94513,120.78452,13,4,4,5,1,5,0,0,1,0,1,0,0,0,0,0,0,0,0,1,0,0,0,0,0,0,0,1,2
SE22,3,屏東縣恆春鎮,石牛溪,21.94513,120.78452,13,4,4,5,1,5,0,0,0,0,1,0,1,0,0,0,0,0,1,0,0,1,0,0,0,0,0,0,5
SE22,4,屏東恆春鎮,石牛溪,21.94513,120.78452,13,4,4,5,1,5,,,,,,,,,,,0,0,0,0,0,1,0,0,0,0,0,0,3
SE24,1,屏東縣恆春鎮,山海國小,21.98145,120.71431,13,4,4,6,1,3,0,0,1,0,0,0,0,0,1,0,1,0,0,0,0,1,0,0,0,0,0,1,5
SE24,2,屏東縣恆春鎮,山海國小,21.98145,120.71431,13,4,4,6,1,3,0,0,1,0,0,1,0,0,0,0,1,0,0,1,1,0,0,0,0,0,0,0,5
SE24,3,屏東縣恆春鎮,山海國小,21.98145,120.71431,13,4,4,6,1,3,1,0,0,0,0,0,0,0,0,0,1,0,0,0,0,1,0,0,0,0,0,0,5
SE24,4,屏東縣恆春鎮,山海國小,21.98145,120.71431,13,4,4,6,1,3,,,,,,,,,,,1,0,0,1,0,0,0,0,0,0,0,0,5
SW01,1,屏東,龜山,22.05524,120.70243,13,4,5,8,1,4,0,1,0,1,0,0,0,0,0,0,1,1,0,0,0,0,0,0,0,0,0,0,7
SW01,2,屏東,龜山,22.05524,120.70243,13,4,5,8,1,4,0,0,0,1,0,0,0,0,0,0,0,0,0,0,0,1,0,0,0,0,1,1,5
SW01,3,屏東,龜山,22.05524,120.70243,13,4,5,8,1,4,1,1,0,1,0,0,0,0,0,0,0,0,0,0,0,1,0,0,1,0,1,0,5
SW01,4,屏東,龜山,22.05524,120.70243,13,4,5,8,1,4,,,,,,,,,,,1,0,0,0,0,1,0,0,1,0,0,0,5
SW03,1,屏東,猴洞山,22.19843,120.68408,13,4,5,7,2,5,0,0,0,0,1,0,0,0,0,0,1,0,0,1,0,0,0,0,0,1,0,0,6
SW03,2,屏東,猴洞山,22.19843,120.68408,13,4,5,7,2,5,0,0,0,0,1,0,0,0,0,0,1,0,0,1,0,0,0,0,0,0,0,0,6
SW03,3,屏東,猴洞山,22.19843,120.68408,13,4,5,7,2,5,0,0,0,0,1,1,0,0,0,0,1,0,0,1,0,0,0,0,0,0,0,0,6
SW03,4,屏東,猴洞山,22.19843,120.68408,13,4,5,7,2,5,,,,,,,,,,,1,0,0,1,0,0,0,0,1,0,0,0,6
SW04,1,屏東,荷田咖啡,22.27423,120.64948,13,4,5,7,2,5,0,0,0,0,0,1,0,0,0,0,1,0,1,0,0,0,0,0,0,0,0,0,6
SW04,2,屏東,荷田咖啡,22.27423,120.64948,13,4,5,7,2,5,0,0,0,0,1,0,0,0,0,0,1,0,0,0,0,0,0,0,0,1,0,0,4
SW04,3,屏東,荷田咖啡,22.27423,120.64948,13,4,5,7,2,5,0,0,0,0,1,1,0,0,0,0,1,0,0,0,0,0,0,0,0,0,0,1,7
SW04,4,屏東,荷田咖啡,22.27423,120.64948,13,4,5,7,2,5,,,,,,,,,,,1,0,0,0,0,0,0,0,0,0,0,1,5
SW06,1,屏東茄苳鄉,塭豐,22.40035,120.54048,13,4,5,6,2,2,0,1,0,0,0,0,0,1,0,0,1,1,0,1,0,0,0,0,0,0,0,0,7
SW06,2,屏東茄苳鄉,塭豐,22.40035,120.54048,13,4,5,6,2,2,0,1,0,0,0,0,0,0,0,0,0,0,0,1,0,1,0,0,0,0,0,0,6
SW06,3,屏東茄苳鄉,塭豐,22.40035,120.54048,13,4,5,6,2,2,0,1,0,0,0,0,0,1,0,0,1,0,0,1,0,0,0,0,0,0,0,0,6
SW06,4,屏東茄苳鄉,塭豐,22.40035,120.54048,13,4,5,6,2,2,,,,,,,,,,,1,0,0,1,0,1,0,0,0,0,0,0,8
SW07,1,屏東東港鎮,大鵬灣,22.43805,120.46776,13,4,5,6,1,4,0,0,0,1,0,0,0,1,0,0,0,1,0,1,0,0,0,0,1,0,0,0,6
SW07,2,屏東東港鎮,大鵬灣,22.43805,120.46776,13,4,5,6,1,4,0,1,0,1,0,0,0,0,0,0,1,1,0,0,1,0,0,0,0,0,0,0,6
SW07,3,屏東東港鎮,大鵬灣,22.43805,120.46776,13,4,5,6,1,4,0,1,0,1,0,0,0,0,0,0,0,1,0,0,1,0,0,0,1,0,0,0,5
SW07,4,屏東東港鎮,大鵬灣,22.43805,120.46776,13,4,5,6,1,4,,,,,,,,,,,1,1,0,1,0,0,0,0,0,0,0,0,6
SW09,1,高雄小港區,鳳鼻頭,22.50692,120.36152,12,4,5,6,2,4,0,0,0,1,0,0,0,0,0,0,1,1,0,1,0,0,0,0,0,0,0,0,7
SW09,2,高雄小港區,鳳鼻頭,22.50692,120.36152,12,4,5,6,2,4,0,0,0,1,0,0,0,0,0,0,1,0,0,1,0,0,0,0,1,0,0,0,3
SW09,3,高雄小港區,鳳鼻頭,22.50692,120.36152,12,4,5,6,2,4,0,0,0,1,0,0,0,0,0,0,0,0,0,0,0,0,0,0,0,0,0,1,4
SW09,4,高雄小港區,鳳鼻頭,22.50692,120.36152,12,4,5,6,2,4,,,,,,,,,,,1,1,0,0,0,0,0,0,1,0,0,0,1
SW10,1,高雄旗津區,旗津一路,22.56595,120.30260,12,4,5,6,1,4,0,0,0,0,0,0,0,1,0,0,1,0,0,1,0,1,0,0,0,0,0,0,8
SW10,2,高雄旗津區,旗津一路,22.56595,120.30260,12,4,5,6,1,4,0,0,0,1,0,0,0,1,0,0,1,1,0,0,0,1,0,0,0,0,0,0,7
SW10,3,高雄旗津區,旗津一路,22.56595,120.30260,12,4,5,6,1,4,0,1,0,1,0,0,0,0,0,0,0,0,0,0,0,1,0,0,0,0,0,0,5
SW10,4,高雄旗津區,旗津一路,22.56595,120.30260,12,4,5,6,1,4,,,,,,,,,,,1,0,0,0,0,1,0,0,1,0,0,0,6
SW12,1,高雄鼓山區,柴山,22.63579,120.25692,12,4,5,6,1,1,1,0,0,0,0,1,0,0,0,0,1,0,0,1,0,1,0,0,0,0,0,0,6
SW12,2,高雄鼓山區,柴山,22.63579,120.25692,12,4,5,6,1,1,1,0,0,0,0,1,0,0,0,0,1,0,0,1,0,1,0,0,0,0,0,0,4
SW12,3,高雄鼓山區,柴山,22.63579,120.25692,12,4,5,6,1,1,1,0,0,0,0,0,1,0,0,0,0,0,1,0,0,0,0,0,0,0,0,1,3
SW12,4,高雄鼓山區,柴山,22.63579,120.25692,12,4,5,6,1,1,,,,,,,,,,,0,0,0,0,0,0,0,0,0,0,0,0,3
SW13,1,高雄梓官區,蚵仔寮,22.72118,120.25439,12,4,5,7,2,2,0,1,0,1,0,0,0,0,0,0,1,1,0,1,0,0,0,0,0,0,0,0,7
SW13,2,高雄梓官區,蚵仔寮,22.72118,120.25439,12,4,5,7,2,2,0,1,0,1,0,0,0,0,0,0,1,0,0,0,1,0,0,0,0,0,0,0,6
SW13,3,高雄梓官區,蚵仔寮,22.72118,120.25439,12,4,5,7,2,2,0,1,0,0,0,0,0,0,0,0,1,0,0,0,1,1,0,0,0,0,0,0,7
SW13,4,梓官區,蚵仔寮,22.72118,120.25439,12,4,5,7,2,2,,,,,,,,,,,0,1,0,0,0,1,0,0,0,0,0,1,6
SW15,1,高雄永安區,鑽石沙灘,22.82276,120.20706,12,4,5,7,1,4,0,0,0,1,0,0,0,1,0,0,0,1,0,1,0,0,0,0,1,0,0,0,4
SW15,2,高雄永安區,鑽石沙灘,22.82276,120.20706,12,4,5,7,1,4,0,1,0,1,0,0,0,0,0,0,0,0,1,1,0,0,0,0,0,0,0,0,4
SW15,3,高雄永安區,鑽石沙灘,22.82276,120.20706,12,4,5,7,1,4,0,1,0,1,0,0,0,0,0,0,0,0,1,0,0,0,0,0,1,0,0,0,2
SW15,4,高雄永安區,鑽石沙灘,22.82276,120.20706,12,4,5,7,1,4,,,,,,,,,,,0,1,0,0,0,1,0,0,0,0,0,0,2
SW16,1,高雄市,三清宮,22.86449,120.19283,12,4,5,6,1,4,0,0,0,1,0,0,0,1,0,0,1,1,0,1,0,0,0,0,0,0,0,0,7
SW16,2,高雄市,三清宮,22.86449,120.19283,12,4,5,6,1,4,0,0,0,1,0,0,0,1,0,0,1,0,0,1,0,0,0,0,1,0,0,0,8
SW16,3,高雄市,三清宮,22.86449,120.19283,12,4,5,6,1,4,0,1,0,1,0,0,0,0,0,0,1,0,1,0,0,1,0,0,0,0,0,0,7
SW16,4,高雄市,三清宮,22.86449,120.19283,12,4,5,6,1,4,,,,,,,,,,,1,0,0,1,0,1,0,0,0,0,0,0,7
SW18,1,台南市,安平,22.99350,120.14222,11,3,5,6,1,4,0,0,0,1,0,0,0,0,0,0,1,0,0,1,0,0,0,0,0,0,0,0,5
SW18,2,台南市,安平,22.99350,120.14222,11,3,5,6,1,4,0,0,0,1,0,0,0,0,0,0,1,0,0,0,0,0,0,1,1,0,0,0,2
SW18,3,台南市,安平,22.99350,120.14222,11,3,5,6,1,4,0,0,0,1,0,0,0,0,0,0,0,0,0,0,0,0,0,0,0,0,0,1,2
SW18,4,台南市,安平,22.99350,120.14222,11,3,5,6,1,4,,,,,,,,,,,1,0,0,0,0,0,0,0,0,0,0,0,2
SW19,1,台南市,青草崙,23.04432,120.06853,11,3,5,8,2,4,0,1,0,1,0,0,0,0,0,0,0,0,0,1,1,0,0,0,0,0,0,0,10
SW19,2,台南市,青草崙,23.04432,120.06853,11,3,5,8,2,4,0,0,0,1,0,0,0,1,0,0,1,0,0,1,0,0,0,0,1,0,0,0,10
SW19,3,台南市,青草崙,23.04432,120.06853,11,3,5,8,2,4,0,0,0,1,0,0,0,0,0,0,0,0,0,1,0,0,0,0,0,0,0,0,9
SW19,4,台南市,青草崙,23.04432,120.06853,11,3,5,8,2,4,,,,,,,,,,,0,0,0,1,0,0,0,0,0,0,0,0,9
SW21,1,台南市七股,青山港,23.18102,120.06775,11,3,5,8,2,2,0,1,0,0,0,0,0,0,0,0,0,0,0,1,1,1,0,0,0,0,0,0,7
SW21,2,台南市七股,青山港,23.18102,120.06775,11,3,5,8,2,2,0,1,0,0,0,0,0,0,0,0,0,0,0,1,0,0,0,0,0,0,0,0,4
SW21,3,台南市七股,青山港,23.18102,120.06775,11,3,5,8,2,2,0,1,0,0,0,0,0,0,0,0,0,0,0,1,1,0,0,0,0,0,0,0,6
SW21,4,台南市七股,青山港,23.18102,120.06775,11,3,5,8,2,2,,,,,,,,,,,1,0,0,1,0,0,0,0,0,0,1,1,6
SW22,1,台南市將軍,馬沙溝,23.22479,120.08422,11,3,5,7,1,4,0,0,0,1,0,0,0,0,0,0,1,0,0,1,0,1,0,0,0,0,0,0,5
SW22,2,台南市將軍,馬沙溝,23.22479,120.08422,11,3,5,7,1,4,0,0,0,1,0,0,0,0,0,0,1,0,0,1,0,1,0,0,0,0,0,0,8
SW22,3,台南市將軍,馬沙溝,23.22479,120.08422,11,3,5,7,1,4,0,0,0,1,0,0,0,0,0,0,1,0,0,1,1,0,0,0,0,0,0,0,8
SW22,4,台南市將軍,馬沙溝,23.22479,120.08422,11,3,5,7,1,4,,,,,,,,,,,1,0,0,0,0,1,0,0,0,0,0,0,6
SW24,1,嘉義布袋,好美寮,23.35899,120.12789,10,3,5,8,2,4,0,0,0,1,0,0,0,0,0,0,1,0,0,1,0,1,0,0,0,0,0,0,10
SW24,2,嘉義布袋,好美寮,23.35899,120.12789,10,3,5,8,2,4,0,0,0,1,0,0,0,0,0,0,1,0,0,1,0,1,0,0,0,0,0,0,7
SW24,3,嘉義布袋,好美寮,23.35899,120.12789,10,3,5,8,2,4,0,0,0,1,0,0,0,0,0,0,0,0,0,1,1,1,0,0,0,0,0,0,7
SW24,4,嘉義布袋,好美寮,23.35899,120.12789,10,3,5,8,2,4,,,,,,,,,,,0,0,0,0,0,1,0,0,0,0,0,0,4
SW25,1,嘉義東石,白水湖,23.39852,120.15150,10,3,5,6,2,4,0,0,0,1,0,0,0,1,0,0,1,0,0,1,0,1,0,0,0,0,0,0,9
SW25,2,嘉義東石,白水湖,23.39852,120.15150,10,3,5,6,2,4,0,0,0,1,0,0,0,0,0,0,0,0,0,1,0,1,0,0,0,0,0,0,9
SW25,3,嘉義東石,白水湖,23.39852,120.15150,10,3,5,6,2,4,0,0,0,1,0,0,0,0,0,0,0,0,0,1,1,1,0,0,0,0,0,0,9
SW25,4,嘉義東石,白水湖,23.39852,120.15150,10,3,5,6,2,4,,,,,,,,,,,0,0,0,1,0,1,0,0,0,0,0,0,8
TT02,1,台東縣長濱鄉中成,長濱,23.32287,121.46538,14,5,4,3,2,5,0,0,0,0,1,0,0,0,0,0,1,0,0,0,0,0,0,0,0,0,0,0,2
TT02,2,台東縣長濱鄉中成,長濱,23.32287,121.46538,14,5,4,3,2,5,0,0,0,0,1,0,0,0,0,0,1,0,0,1,0,0,0,0,0,0,0,0,1
TT02,3,台東縣長濱鄉中成,長濱,23.32287,121.46538,14,5,4,3,2,5,0,0,0,0,1,0,0,0,0,0,1,0,0,1,0,1,0,0,0,1,0,0,5
TT02,4,台東縣長濱鄉中成,長光,23.32287,121.46538,14,5,4,3,2,5,,,,,,,,,,,1,0,0,0,1,0,0,0,0,0,0,0,2
TT03,1,台東縣長濱鄉,白桑安,23.24933,121.41867,14,5,4,4,2,4,0,0,0,1,0,0,0,0,0,0,1,0,0,0,0,0,0,0,0,0,0,0,3
TT03,2,台東縣長濱鄉,白桑安/長濱觀景平台,23.24933,121.41867,14,5,4,4,2,4,0,1,0,1,0,0,0,0,0,0,1,0,0,0,0,0,0,0,0,0,0,0,2
TT03,3,台東縣長濱鄉,白桑安/長濱觀景平台,23.24933,121.41867,14,5,4,4,2,4,0,0,0,0,0,1,0,0,0,0,1,0,0,0,0,1,0,0,0,0,0,0,3
TT03,4,台東縣長濱鄉,寜埔,23.24933,121.41867,14,5,4,4,2,4,,,,,,,,,,,1,0,1,0,0,0,0,0,0,0,0,0,1
